{
  "name": "DoLSims",
  "version": "0.7.9.3",
  "styleFileList": [
    "modules/sundrySims.css",
    "modules/computerSims.css"
  ],
  "scriptFileList": [
    "game/03-JavaScript/timeHookSims.js",
    "game/03-JavaScript/funcSims.js"
  ],
  "tweeFileList": [
    "game/overworld-town/loc-library/Computer Sims/ComputerWidgetSims.twee",
    "game/overworld-town/loc-library/librarySims.twee",
    "game/overworld-town/loc-school/event_english/Widgets_English_Event_Sims.twee",
    "game/overworld-town/loc-home/event_home/Widgets_Home_Events_Sims.twee",
    "game/base-system/overlays/characteristicsSims.twee",
    "game/overworld-town/loc-market/MarketSims.twee",
    "game/overworld-town/loc-school/event_school/Widgets_School_Events_Sims.twee",
    "game/overworld-town/loc-gym/gymSims.twee",
    "game/overworld-town/loc-school/event_science/Widgets_Science_Event_Sims.twee",
    "game/overworld-town/loc-street/Widgets_Street_Event_Sims.twee",
    "game/overworld-town/loc-library/Computer Sims/ComputerSims.twee",
    "game/overworld-town/loc-temple/Temple Hypno Sims.twee",
    "game/overworld-town/loc-farmers-centre/Farm BikeSims Farm.twee",
    "game/base-combat/Widgets Combat Sims.twee",
    "game/overworld-town/loc-shop/tattooSims.twee",
    "game/overworld-town/loc-school/event_maths/Widgets_Maths_Event_Sims.twee"
  ],
  "imgFileList": [
    "img/misc/icon/icon_desktop_twitter.png",
    "img/misc/icon/haisin3.png",
    "img/misc/icon/ATfield_locked.png",
    "img/misc/icon/school_bulletin_board_icon.png",
    "img/misc/icon/sinSims_ui.png",
    "img/misc/icon/citylibraryicon.png",
    "img/misc/icon/Badge.png",
    "img/misc/icon/windowbase_inactive.png",
    "img/misc/icon/icon_desktop_asobu.png",
    "img/misc/icon/icon_taskbar_poketter.png",
    "img/misc/icon/icon_taskbar_jine.png",
    "img/misc/icon/haisin.png",
    "img/misc/icon/icon_desktop_youtube2 #32606.png",
    "img/misc/icon/login.png",
    "img/misc/icon/button_minimize.png",
    "img/misc/icon/icon_desktop_game.png",
    "img/misc/icon/JINE_button_tobottom #42263.png",
    "img/misc/icon/windowbase_active.png",
    "img/misc/icon/icon_desktop_neru_evening.png",
    "img/misc/icon/ATfield_unlocked.png",
    "img/misc/icon/button_day.png",
    "img/misc/icon/taskbar.png",
    "img/misc/icon/icon_desktop_jine2 #38636.png",
    "img/misc/icon/start_menu.png",
    "img/misc/icon/icon_desktop_youtube #21669.png",
    "img/misc/icon/icon_taskbar_taskmanager.png",
    "img/misc/icon/gymstudioicon.png",
    "img/misc/icon/icon_desktop_egosearch.png",
    "img/misc/icon/icon_desktop_text #24425.png",
    "img/misc/icon/button_start.png",
    "img/misc/icon/tooltip_balloon.png",
    "img/misc/icon/bicycleSimsicon.png",
    "img/misc/icon/button_minimize_hover.png",
    "img/misc/icon/boot_logo #37673.png",
    "img/misc/icon/button_close.png",
    "img/misc/icon/icon_bear.png",
    "img/misc/icon/tuuti.png",
    "img/misc/icon/start_pressed.png",
    "img/misc/icon/operation_base.png",
    "img/misc/icon/icon_desktop_neru_noon.png",
    "img/misc/icon/window_bar.png",
    "img/misc/icon/icon_desktop_internet.png",
    "img/misc/icon/button_startmenu_selected.png",
    "img/misc/icon/icon_desktop_youtube2.png",
    "img/misc/icon/robin_refuse_text_note.png",
    "img/misc/icon/window_bar_pressed.png",
    "img/misc/icon/haisin_dark.png",
    "img/misc/icon/button_maximize.png",
    "img/misc/icon/icon_desktop_neru_night.png",
    "img/misc/icon/separator.png",
    "img/misc/icon/button_close_hover.png"
  ],
  "additionFile": [
    "README.md",
    "game/Updates Sims.txt",
    "game/StartOnly Sims.txt",
    "game/base-system/overlays/parasiteSims/ContainersSims.txt",
    "game/base-system/overlays/parasiteSims/ContainersSims 1.txt",
    "game/base-system/overlays/parasiteSims/FightInit 6.txt",
    "game/base-system/overlays/parasiteSims/FightInit 7.txt",
    "game/base-system/overlays/parasiteSims/FightInit 8.txt",
    "game/base-system/overlays/parasiteSims/FightInit 9.txt",
    "game/base-system/overlays/parasiteSims/FightInit 10.txt",
    "game/base-system/overlays/parasiteSims/FightInit 11.txt",
    "game/base-system/overlays/parasiteSims/FightInit 12.txt",
    "game/base-system/overlays/parasiteSims/FightInit 13.txt",
    "game/base-system/overlays/parasiteSims/FightInit 14.txt",
    "game/base-system/overlays/parasiteSims/FightInit 15.txt",
    "game/base-system/overlays/parasiteSims/FightInit 16.txt",
    "game/base-system/overlays/parasiteSims/FightInit 17.txt",
    "game/base-system/overlays/parasiteSims/FightInit 18.txt",
    "game/base-system/overlays/parasiteSims/FightInit 19.txt",
    "game/base-system/overlays/parasiteSims/FightInit 20.txt",
    "game/overworld-town/loc-gym/BarbStreetTextSims.txt",
    "game/overworld-town/loc-gym/BarbStreetSubPositionSims.txt",
    "game/overworld-town/loc-gym/gymorgasmSims.txt",
    "game/overworld-town/loc-shop/tattooSims.txt",
    "game/overworld-town/loc-shop/tattooSims_index.txt",
    "game/overworld-town/loc-shop/tattooSims_color.txt",
    "game/overworld-town/loc-library/OxfordStreetSubPositionSims.txt",
    "game/overworld-town/loc-library/LibraryTraitsSims.txt",
    "game/base-system/overlays/characteristicsSims_Books.txt",
    "game/base-system/overlays/characteristicsSims_Books_2.txt",
    "game/base-system/overlays/characteristicsSims_Books_3.txt",
    "game/base-system/overlays/characteristicsSims_Books_4.txt",
    "game/base-system/overlays/attitudeSims.txt",
    "game/base-system/overlays/characteristicsSims_2.txt",
    "game/base-system/overlays/characteristicsSims_init.txt",
    "game/base-system/overlays/characteristicsSims_init_2.txt",
    "game/base-system/overlays/Widgets_Journal_Sims.txt",
    "game/base-combat/praySims_0.txt",
    "game/base-combat/praySims_1.txt",
    "game/base-combat/praySims_2.txt",
    "game/base-combat/praySims_3.txt",
    "game/base-combat/praySims_4.txt",
    "game/base-combat/praySims_attitude.txt",
    "game/base-combat/slapSims_0.txt",
    "game/base-combat/slapSims_1.txt",
    "game/base-combat/slapSims_2.txt",
    "game/base-combat/bookSims_1.txt",
    "game/base-combat/bookSims_2.txt",
    "game/base-combat/bookSims_3.txt",
    "game/base-combat/bookSims_4.txt",
    "game/base-combat/bookSims_5.txt",
    "game/base-combat/bookSims_6.txt",
    "game/base-combat/bookSims_7.txt",
    "game/base-combat/bookSims_8.txt",
    "game/base-combat/bookSims_9.txt",
    "game/base-combat/bookSims_10.txt",
    "game/base-combat/bookSims_11.txt",
    "game/npc/Seath_0.txt",
    "game/npc/Seath_1.txt",
    "game/npc/Seath_2.txt",
    "game/npc/Seath_3.txt",
    "game/npc/Seath_4.txt",
    "game/npc/Seath_5.txt",
    "game/npc/Seath_6.txt",
    "game/npc/Seath_7.txt",
    "game/npc/Seath_8.txt",
    "game/npc/Seath_9.txt",
    "game/npc/Seath_11.txt",
    "game/npc/Seath_12.txt",
    "game/npc/Seath_13.txt",
    "game/npc/Seath_14.txt",
    "game/npc/Seath_16.txt",
    "game/overworld-town/loc-farmers-centre/Centre To Farm Bike Sims.txt",
    "game/overworld-town/loc-farmers-centre/Farm To Centre Bike Sims 0.txt",
    "game/overworld-town/loc-farmers-centre/Farm To Centre Bike Sims 1.txt",
    "game/overworld-plains/loc-livestock/Eden Fence Rescue Origin.txt",
    "game/overworld-town/loc-street/Kylar Abduction Intro Sims.txt",
    "game/overworld-town/loc-street/Kylar Abduction Intro Sims 2.txt",
    "game/overworld-town/loc-school/event_science/Acid_Sims_1.txt",
    "game/overworld-town/loc-school/event_science/Acid_Sims_2.txt",
    "game/overworld-town/loc-school/event_science/Harass Science Sims.txt",
    "game/overworld-town/loc-school/event_maths/Harass_Sims_1.txt",
    "game/overworld-town/loc-school/event_maths/Harass_Sims_2.txt",
    "game/overworld-town/loc-school/event_maths/Maths Whitney Read Sims.txt",
    "game/overworld-town/loc-school/event_maths/Maths Whitney Read Sims 2.txt",
    "game/overworld-town/loc-school/event_maths/Maths Move Away Sims.txt",
    "game/overworld-town/loc-school/event_maths/Maths Move Away Sims 2.txt",
    "game/overworld-town/loc-school/event_english/Peep English Sims.txt",
    "game/overworld-town/loc-school/event_school/Hallways_Locker_Victim_Sims.txt",
    "game/overworld-town/loc-school/event_school/Middle Finger Sims.txt",
    "game/overworld-town/loc-school/event_school/Hallways Slap Sims.txt",
    "game/overworld-town/loc-school/event_school/Head Office Sims.txt",
    "game/overworld-town/loc-library/HypnoSims0.txt",
    "game/overworld-town/loc-temple/Temple Hypno Sims.txt",
    "game/overworld-town/loc-temple/Temple Jordan-Seath.txt",
    "game/overworld-town/loc-temple/Temple Jordan-Seath 2.txt",
    "game/overworld-town/loc-school/event_school/Judgement Sims.txt",
    "game/overworld-town/loc-school/event_school/Judgement Sims 2.txt",
    "game/overworld-town/loc-school/event_school/Judgement Examine Sims.txt",
    "game/overworld-town/loc-school/event_school/special traits Sims/special traits Sims.txt",
    "game/overworld-town/loc-school/event_school/special traits Sims/special traits Sims 2.txt",
    "game/overworld-town/loc-school/event_school/special traits Sims/special traits Sims 3.txt",
    "game/overworld-town/loc-school/event_school/special traits Sims/Widgets Sydney Sims.txt",
    "game/overworld-town/loc-school/event_school/special traits Sims/Widgets Sydney Sims 2.txt",
    "game/overworld-town/loc-home/event_home/Robin Refuse Sims.txt",
    "game/overworld-town/loc-home/event_home/Robin Refuse Sims 2.txt",
    "game/overworld-town/loc-home/event_home/Bailey Shove 1.txt",
    "game/overworld-town/loc-home/event_home/Wraith Bailey 4000 Sims.txt",
    "game/overworld-town/loc-home/event_home/Bailey FreeListenSims.txt",
    "game/overworld-town/loc-home/event_home/Bailey FreeListenSims 2.txt",
    "game/overworld-town/loc-library/Computer Sims/ComputerSims.txt",
    "game/overworld-town/loc-library/Computer Sims/TimeSims.txt",
    "game/overworld-town/loc-home/event_home/PeepBathSims.txt",
    "game/overworld-town/loc-museum/MuseumRestSims.txt",
    "game/overworld-town/loc-market/MarketSims.txt",
    "game/overworld-town/loc-home/event_home/Sunscreen Cream Sims.txt",
    "game/overworld-town/loc-home/event_home/PillsSims.txt"
  ],
  "addonPlugin": [
    {
      "modName": "ModLoader DoL ImageLoaderHook",
      "addonName": "ImageLoaderAddon",
      "modVersion": "^2.3.0",
      "params": []
    },
    {
      "modName": "ReplacePatcher",
      "addonName": "ReplacePatcherAddon",
      "modVersion": "^1.0.0",
      "params": {
        "js": [
          {
            "_comment1": "辟寒",
            "from": "if (Weather.BodyTemperature.get() < Weather.tempSettings.minTemperature) {",
            "to": "if (V.citylibrarybook_14_3_trait != 1 && (Weather.BodyTemperature.get() < Weather.tempSettings.minTemperature)) {",
            "fileName": "02-body-temperature.js"
          },
          {
            "_comment1": "辟暑",
            "from": "else if (Weather.BodyTemperature.get() > Weather.tempSettings.maxTemperature) {",
            "to": "else if (V.citylibrarybook_14_3_trait != 1 && (Weather.BodyTemperature.get() > Weather.tempSettings.maxTemperature)) {",
            "fileName": "02-body-temperature.js"
          },
          {
            "_comment1": "玄英洞打过来了？",
            "from": "modifiers +",
            "to": "(V.citylibrarybook_14_3_trait == 1 ? `<br><span class='green'>纳垢的赐福护佑着你的身体，无论寒暑。</span>` : '') +\n\t\t\t\tmodifiers +",
            "fileName": "02-tooltips.js"
          },
          {
            "from": "性奋增加</span><br>`",
            "to": "性奋增加</span>` + (V.citylibrarybook_14_3_trait == 1 ? `<span class='green'>(已抵消)</span>` : '') + `<br>`",
            "fileName": "02-tooltips.js"
          },
          {
            "from": "疲劳增加</span><br>`",
            "to": "疲劳增加</span>` + (V.citylibrarybook_14_3_trait == 1 ? `<span class='green'>(已抵消)</span>` : '') + `<br>`",
            "fileName": "02-tooltips.js"
          },
          {
            "from": "疼痛增加</span><br>`",
            "to": "疼痛增加</span>` + (V.citylibrarybook_14_3_trait == 1 ? `<span class='green'>(已抵消)</span>` : '') + `<br>`",
            "fileName": "02-tooltips.js"
          },
          {
            "from": "压力增加</span><br>`",
            "to": "压力增加</span>` + (V.citylibrarybook_14_3_trait == 1 ? `<span class='green'>(已抵消)</span>` : '') + `<br>`",
            "fileName": "02-tooltips.js"
          },
          {
            "from": "V.stress += Math.round(Weather.BodyTemperature.stressModifier * minutes);",
            "to": "if(V.citylibrarybook_14_3_trait != 1){V.stress += Math.round(Weather.BodyTemperature.stressModifier * minutes);}",
            "fileName": "time.js"
          },
          {
            "from": "V.pain += pain * Weather.BodyTemperature.painModifier;",
            "to": "if(V.citylibrarybook_14_3_trait != 1){V.pain += pain * Weather.BodyTemperature.painModifier;}else{V.pain += pain;}",
            "fileName": "stat-changes.js"
          },
          {
            "from": "V.arousal += amount * mod * Weather.BodyTemperature.arousalModifier;",
            "to": "if(V.citylibrarybook_14_3_trait != 1){V.arousal += amount * mod * Weather.BodyTemperature.arousalModifier;}else{V.arousal += amount * mod;}",
            "fileName": "stat-changes.js"
          },
          {
            "from": "\t\tif (amount) {\n\t\t\tV.tiredness += Math.round(amount * Weather.BodyTemperature.fatigueModifier * (amount > 0 ? 15 : 20));",
            "to": "\t\tif (amount) {\n\t\t\tif(V.citylibrarybook_14_3_trait != 1){V.tiredness += Math.round(amount * Weather.BodyTemperature.fatigueModifier * (amount > 0 ? 15 : 20));}else{V.tiredness += Math.round(amount * (amount > 0 ? 15 : 20));}",
            "fileName": "stat-changes.js"
          },
          {
            "_comment1": "健身房高潮差分",
            "from": "\t\t\"strut\", \"feetCurl\",",
            "to": "\t\t\"strut\", \"feetCurl\",\"praySims\",",
            "fileName": "ingame.js"
          },
          {
            "_comment1": "战斗姿势增加 什么时候才能战斗大修啊 这块代码改得想死",
            "from": "\t\t\t\"spray\", \"lefthit\", \"righthit\", \"leftstruggle\", \"rightstruggle\", \"stopchokenoncon\", \"pursuit_grab\",",
            "to": "\t\t\t\"spray\", \"lefthit\", \"leftslapSims\", \"leftBatonsSims\", \"leftWhipsSims\", \"leftUmbrellaSims\", \"righthit\", \"rightslapSims\", \"rightBatonsSims\", \"rightWhipsSims\", \"rightUmbrellaSims\", \"leftstruggle\", \"rightstruggle\", \"stopchokenoncon\", \"pursuit_grab\",",
            "fileName": "ingame.js"
          },
          {
            "_comment1": "触手额外战斗选项",
            "from": "\t\tlet type = \"rape\";",
            "to": "\t\tlet type = \"rape\";\n\t\tthis.addMany(type, \"Submissive\", \"parasiteActionSims\", [\"attack\"]);\n\t\tthis.addMany(type, \"Defiant\", \"parasiteActionSims\", [\"attack\"]);",
            "fileName": "ingame.js"
          },
          {
            "_comment1": "触手额外战斗选项2",
            "from": "\t\ttype = \"consensual\";",
            "to": "\t\ttype = \"consensual\";\n\t\tthis.addMany(type, \"Submissive\", \"parasiteActionSims\", [\"attack\"]);\n\t\tthis.addMany(type, \"Defiant\", \"parasiteActionSims\", [\"attack\"]);",
            "fileName": "ingame.js"
          },
          {
            "_comment1": "M值受虐衰减判定",
            "from": "\tV.masochism *= 0.985;",
            "to": "\tif (V.uncomfortable_Sims_141 != 0) {\n\t\tV.masochism *= 0.985;\n\t}",
            "fileName": "time.js"
          },
          {
            "_comment1": "S值施虐衰减判定",
            "from": "\tV.sadism *= 0.985;",
            "to": "\tif (V.uncomfortable_Sims_141 != 0) {\n\t\tV.sadism *= 0.985;\n\t}",
            "fileName": "time.js"
          },
          {
            "_comment1": "恶魔/堕天使每日纯洁",
            "from": "\tif (V.fallenangel >= 2) dailyPurity -= 10;",
            "to": "\tif (V.demon >= 6 && V.citylibrarybook_14_4_trait == 1) dailyPurity -= 1;\n\tif (V.fallenangel >= 2 && V.citylibrarybook_14_4_trait == 1) dailyPurity += 9;\n\tif (V.fallenangel >= 2) dailyPurity -= 10;",
            "fileName": "time.js"
          },
          {
            "_comment1": "满足条件时 锁定纯洁上限为1000 主要是用来防止神殿破誓纯洁变999的特殊情况 ",
            "from": "\tconst max = V.virginityProtected || (V.player.virginity.vaginal === true && V.player.virginity.penile === true) ? 1000 : 999;",
            "to": "\tconst max = ((V.angel >= 6 && V.citylibrarybook_14_4_trait == 1) || V.virginityProtected || (V.player.virginity.vaginal === true && V.player.virginity.penile === true)) ? 1000 : 999;",
            "fileName": "stat-changes.js"
          },
          {
            "_comment1": "确保普通人的色孽效果不与异常淫荡特质效果叠加",
            "from": "\tconst arousalMultiplier = V.backgroundTraits.includes(\"lustful\") ? 0.2 * (12 - Math.floor(V.purity / 80)) + 1 + (V.purity <= 50 ? 1 : 0) : -10;",
            "to": "\tconst arousalMultiplier = (V.backgroundTraits.includes(\"lustful\") || (V.demon < 6 && V.fallenangel < 2 && V.angel < 6 && V.citylibrarybook_14_4_trait == 1))  ? 0.2 * (12 - Math.floor(V.purity / 80)) + 1 + (V.purity <= 50 ? 1 : 0) : -10;",
            "fileName": "time.js"
          },
          {
            "_comment1": "意志自然衰减",
            "from": "\tV.willpower *= 0.99;",
            "to": "\tif (V.uncomfortable_Sims_145 != 0) {\n\t\tV.willpower *= 0.99;\n\t}",
            "fileName": "time.js"
          },
          {
            "_comment1": "免听资格",
            "from": "V.lessonmissedtext = 5 - attended;",
            "to": "V.lessonmissedtext = 5 - attended;\n\t\tif (V.FreeListenPermissionSims == 1) {V.lessonmissed = 0;V.lessonmissedtext = 0;V.schoolLessonsMissed.science -= !Number(V.daily.school.attended.science);if ([4, 6].includes(Time.weekDay)) { V.schoolLessonsMissed.housekeeping -= !Number(V.daily.school.attended.housekeeping);} else {V.schoolLessonsMissed.maths -= !Number(V.daily.school.attended.maths);}V.schoolLessonsMissed.english -= !Number(V.daily.school.attended.english);V.schoolLessonsMissed.history -= !Number(V.daily.school.attended.history);V.schoolLessonsMissed.swimming -= !Number(V.daily.school.attended.swimming);}",
            "fileName": "time.js"
          },
          {
            "_comment1": "涂抹防晒霜每日介绍",
            "from": "\t\t\tdelete V.hairGrowthAppliedLast;\n\t\t}",
            "to": "\t\t\tdelete V.hairGrowthAppliedLast;\n\t\t}\n\t\tif (V.SSCAppliedSims) {\n\t\t\telement(\"span\", `你使用了防晒霜${V.SSCAppliedSimsLast ? \"，\" : \"。\"}`, \"green\");\n\t\t\tif (V.SSCAppliedSimsLast) element(\"span\", \"这是最后一支了。\", \"red\");\n\t\t\tdelete V.SSCAppliedSims;\n\t\t\tdelete V.SSCAppliedSimsLast;\n\t\t}",
            "fileName": "effect.js"
          },
          {
            "_comment1": "防晒霜初始值",
            "from": "\t\t\"Anti-Parasite Cream\": { autoTake: false, doseTaken: 0, owned: 0, overdose: 0 },",
            "to": "\t\t\"Anti-Parasite Cream\": { autoTake: false, doseTaken: 0, owned: 0, overdose: 0 },\n\t\t\"SSCSims\": { autoTake: false, doseTaken: 0, owned: 0, overdose: 0 },",
            "fileName": "bedroom-pills.js"
          },
          {
            "_comment1": "药物和防晒霜的关联",
            "from": "\tV.sexStats.pills[\"pills\"][itemName].owned -= 1;",
            "to": "\tV.sexStats.pills[\"pills\"][itemName].owned -= 1;\n\tif(itemName === \"SSCSims\") {Skin.Sunscreen.remove();Skin.Sunscreen.apply();}",
            "fileName": "bedroom-pills.js"
          },
          {
            "_comment1": "药物和防晒霜的关联2",
            "from": "\tfor (const item in setup.pills) {",
            "to": "\tif(itemName === \"SSCSims\") { if(V.SSCDailyAppliedSims === 1){V.SSCDailyAppliedSims = 0;} else{V.SSCDailyAppliedSims = 1;}  }\n\tfor (const item in setup.pills) {",
            "fileName": "bedroom-pills.js"
          },
          {
            "_comment1": "买防晒霜则药物数量增加，顺便防范开局直奔防晒霜的极特殊情况-真的会有人这么做吗(←难说",
            "from": "\t\t\tV.player.skin.sunscreen.usesLeft += uses ?? this.bottle.uses;",
            "to": "\t\t\tV.player.skin.sunscreen.usesLeft += uses ?? this.bottle.uses;\n\t\t\tif(V.sexStats.pills.pills.SSCSims === undefined){V.sexStats.pills.pills.SSCSims = {autoTake: false, doseTaken: 0, overdose:0, owned: 0,};}\nif(V.sexStats.pills.boughtOnce !== true){V.sexStats.pills.boughtOnce = true;}\nV.sexStats.pills.pills.SSCSims.owned = V.player.skin.sunscreen.usesLeft;",
            "fileName": "skin.js"
          },
          {
            "_comment1": "闹钟 提示三个容易错过的事件 同时把约旦希斯消除腐化的文本塞了进去",
            "from": "\tif (V.innocencemessage === \"start\") {",
            "to": "\tif (V.passage.includes(\"Sleep\") && (V.passage == (\"Temple Sleep\") || V.passage == (\"Sleep\")) && V.LibraryClosedMsgSims == 1){element(\"span\", `你做了一个奇怪的梦，空气中密布着星星点点的裂痕，就像一只只盯着你的眼睛。很快裂痕融合为一，形成了一道巨大的裂隙，就像是世界的伤口。紫色的液体从中不断淌出，散发着令人不安的气息。`, \"purple\");sWikifier(\"<br>\");sWikifier(\"<br>\");element(\"span\", `你下意识后退了一步，几个身影越过你，迅速冲向了裂隙。你只来得及看清其中一个人，`, \"purple\");if(C.npc.Jordan.init == 1){element(\"span\", `那似乎是……约旦？`, \"purple\");}else{element(\"span\", `但那并非你熟识的人物。`, \"purple\");}sWikifier(\"<br>\");sWikifier(\"<br>\");element(\"span\", `你无计可施，只能等待。不知过了多久，围着裂隙的身影纷纷倒地，似乎精疲力竭。而你看到裂隙寸寸崩散，终至于无。`, \"purple\");sWikifier(\"<br>\");sWikifier(\"<br>\");element(\"span\", `一个念头涌上你的心头：世界安全了，至少暂时如此。`, \"purple\");if(V.statdisable == \"f\"){element(\"span\", ` |`, \"white\");element(\"span\", `- - - 世界腐化度`, \"green\");}V.LibraryClosedMsgSims = 0;sWikifier(\"<br>\");sWikifier(\"<br>\");element(\"span\", `你安心地陷入了沉睡。`, \"white\");sWikifier(\"<br>\");}\tif (V.adultshopintro == 1 && V.adultshopunlocked == undefined && V.adultshopprogress < 22 && V.adultshopcontribution == V.adultshopcontributionStoredSims && Time.weekDay == 6 && Time.hour >= 21 && V.alarmTextSims1 == 0) {element(\"span\", `你错过了本周成人用品店的帮忙环节。`, \"red\");V.alarmTextSims1 = 1;sWikifier(\"<br>\");}\tif (V.alarmTextSims2 == 1 && V.alarmTextSims2_1 == 1) {element(\"span\", `你错过了本周的妓院演出，布莱尔会生气的。`, \"red\");V.alarmTextSims2 = 0;V.alarmTextSims2_1 = 0;sWikifier(\"<br>\");}if (V.alarmTextSims3 == 1 && V.alarmTextSims3_1 == 1) {element(\"span\", `你昨天爽约了，艾弗里估计不太高兴。`, \"red\");V.alarmTextSims3 = 0;V.alarmTextSims3_1 = 0;sWikifier(\"<br>\");}\tif (V.innocencemessage === \"start\") {",
            "fileName": "effect.js"
          }
        ]
      }
    },
    {
      "modName": "DoLTimeWrapperAddon",
      "addonName": "DoLTimeWrapperAddon",
      "modVersion": "^1.0.0",
      "params": {
        "hooks": []
      }
    },
    {
      "modName": "TweeReplacer",
      "addonName": "TweeReplacerAddon",
      "modVersion": "^1.0.0",
      "params": [
        {
          "_comment1": "版本更新代码，这部分会在载入存档时自动生效",
          "passage": "Widgets variablesVersionUpdate",
          "findString": "\t<<if $clothing_number isnot undefined>>",
          "replaceFile": "game/Updates Sims.txt"
        },
        {
          "_comment1": "开始游戏时，属性初始化",
          "passage": "gameStartOnly",
          "findString": "\t<<set $purity to 1000>>",
          "replaceFile": "game/StartOnly Sims.txt"
        },
        {
          "_comment1": "寄生虫携带",
          "passage": "Containers",
          "findString": "\t<<if _container.count gt 0>>\n\t\t<<ind>><<link [[带去售卖|$passage]]>>",
          "replaceFile": "game/base-system/overlays/parasiteSims/ContainersSims.txt"
        },
        {
          "_comment1": "寄生虫分配",
          "passage": "Containers",
          "findString": "\t<<getouticon>><<link [[离开|_container.leaveLink]]>><<handheldon>><</link>>",
          "replaceFile": "game/base-system/overlays/parasiteSims/ContainersSims 1.txt"
        },
        {
          "_comment1": "触手6-战前动员 还有一部分触手战斗代码和图书馆战斗混在一起 不想写注释了",
          "_comment2": "触手1-5是态度里面的预制动作 但感觉不是很有必要 于是隐藏了",
          "passage": "Widgets Actions Generation",
          "findString": "\t\t\t<div id=\"mouthaction\" @class=\"$options.combatControls + 'Control'\">\n\t\t\t\t<<mouthActionInit>>\n\t\t\t</div>",
          "replaceFile": "game/base-system/overlays/parasiteSims/FightInit 6.txt"
        },
        {
          "_comment1": "触手7-战前动员2",
          "passage": "Widgets Actions Generation",
          "findString": "\t<<safereplace #mouthaction>><<mouthActionInit true>><</safereplace>>",
          "replaceFile": "game/base-system/overlays/parasiteSims/FightInit 7.txt"
        },
        {
          "_comment1": "触手8-给前穴添加召唤动作1 说起来这部分的代码有点危险，需要检验",
          "passage": "Widgets Actions Generation",
          "findString": "\t<<else>>\n\t\t<<switch _vaginaOptions>>",
          "replaceFile": "game/base-system/overlays/parasiteSims/FightInit 8.txt"
        },
        {
          "_comment1": "触手9-给前穴添加召唤动作2 这部分代码比上面那个安全多了",
          "passage": "Widgets Actions Generation",
          "findString": "\t\t\t\t<<set _vaginaaction[\"休息\"] to \"rest\">>\n\t\t<</switch>>",
          "replaceFile": "game/base-system/overlays/parasiteSims/FightInit 9.txt"
        },
        {
          "_comment1": "触手10-战前陈述",
          "passage": "Widgets Effects Man",
          "findString": "\t\t<<pain -0.25>>",
          "replaceFile": "game/base-system/overlays/parasiteSims/FightInit 10.txt"
        },
        {
          "_comment1": "触手11-给后穴添加召唤动作1",
          "passage": "Widgets Actions Generation",
          "findString": "\t\t<<bottom_wiggle>>",
          "replaceFile": "game/base-system/overlays/parasiteSims/FightInit 11.txt"
        },
        {
          "_comment1": "触手12-给后穴添加召唤动作2",
          "passage": "Widgets Actions Generation",
          "findString": "\t\t\t\t<<actionsanusPenisDoublePenetration>>\n\t\t<</switch>>\n\t<</if>>",
          "replaceFile": "game/base-system/overlays/parasiteSims/FightInit 12.txt"
        },
        {
          "_comment1": "触手13-阻止夺取前穴童贞",
          "passage": "Widgets Effects Vagina",
          "findString": "\t<<if $vaginaaction is \"vaginapenisfuck\"",
          "replaceFile": "game/base-system/overlays/parasiteSims/FightInit 13.txt"
        },
        {
          "_comment1": "触手14-阻止夺取后穴童贞 再过两天这部分代码就没人能看懂了",
          "passage": "Widgets Effects Anus",
          "findString": "\t<<if $anusaction is \"anuspenisfuck\"",
          "replaceFile": "game/base-system/overlays/parasiteSims/FightInit 14.txt"
        },
        {
          "_comment1": "触手战斗15-阻止进入前穴",
          "passage": "Widgets Combat Man-Combat",
          "findString": "\t\t\t\t\t\t\t<<elseif !$npcSub>>\n\t\t\t\t\t\t\t\t<<if $vaginaWetness",
          "replaceFile": "game/base-system/overlays/parasiteSims/FightInit 15.txt",
          "all": true
        },
        {
          "_comment1": "触手战斗16-阻止进入后穴",
          "passage": "Widgets Combat Man-Combat",
          "findString": "\t\t\t\t\t\t\t<<elseif !$npcSub>>\n\t\t\t\t\t\t\t\t<<if $anusWetness",
          "replaceFile": "game/base-system/overlays/parasiteSims/FightInit 16.txt",
          "all": true
        },
        {
          "_comment1": "触手战斗分配17",
          "passage": "Containers",
          "findString": "<<creatureActivity _container.creatures[_i].stats.speed>></label></li>",
          "replaceFile": "game/base-system/overlays/parasiteSims/FightInit 17.txt"
        },
        {
          "_comment1": "触手战斗18之后数据清理",
          "passage": "Widgets End Combat",
          "findString": "\t<<unset $disableNormalImpregnation>>",
          "replaceFile": "game/base-system/overlays/parasiteSims/FightInit 18.txt"
        },
        {
          "_comment1": "触手战斗19阻止文本",
          "passage": "Widgets Text",
          "findString": "\t<<if $player.virginity.vaginal is true and $statdisable is \"f\">>\n\t\t<<if !$combat>> | <</if>>\n\t\t<span class=\"red\">这项行动会让你被夺去贞操。</span>",
          "replaceFile": "game/base-system/overlays/parasiteSims/FightInit 19.txt"
        },
        {
          "_comment1": "触手战斗20阻止文本2",
          "passage": "Widgets Text",
          "findString": "\t\t<span class=\"red\">这项行动会夺走你的菊穴童贞。</span>",
          "replaceFile": "game/base-system/overlays/parasiteSims/FightInit 20.txt"
        },
        {
          "_comment1": "从这里开始是健身房",
          "passage": "Barb Street",
          "findString": "\t\t<</if>>\n\t\t<<if $exposed lte 0>>\n\t\t\t<<policeicon>>",
          "replaceFile": "game/overworld-town/loc-gym/BarbStreetSubPositionSims.txt"
        },
        {
          "passage": "Barb Street",
          "findString": "同时这里还坐落着一座警察局和舞蹈室。",
          "replaceFile": "game/overworld-town/loc-gym/BarbStreetTextSims.txt"
        },
        {
          "passage": "Widgets Orgasm",
          "findString": "\t\t\t你差点跌倒在草地上，但随着高潮的消退，你重新控制住自己。",
          "replaceFile": "game/overworld-town/loc-gym/gymorgasmSims.txt"
        },
        {
          "passage": "Widgets Mirror",
          "findString": "\t\t\t你不确定哪里还有空位可以写。\n\t\t<</if>>",
          "replaceFile": "game/overworld-town/loc-shop/tattooSims.txt"
        },
        {
          "_comment1": "从这里开始是纹身",
          "passage": "Widgets Bodywriting Objects",
          "findString": "\t\t}\n\t}>>",
          "replaceFile": "game/overworld-town/loc-shop/tattooSims_index.txt"
        },
        {
          "passage": "Widgets Bodywriting",
          "findString": "\t\t\t\t<<if isLoveInterest($skin[_active_bodypart].special)>>",
          "replaceFile": "game/overworld-town/loc-shop/tattooSims_color.txt"
        },
        {
          "passage": "Oxford Street",
          "findString": "\t\t<<if $stimdealerknown is 1 and $mathsproject is \"ongoing\" and $exposed lte 0>>",
          "replaceFile": "game/overworld-town/loc-library/OxfordStreetSubPositionSims.txt"
        },
        {
          "_comment1": "从这里开始是图书馆",
          "passage": "Traits",
          "findString": "\t\t{\n\t\t\ttitle: \"催眠特质\",",
          "replaceFile": "game/overworld-town/loc-library/LibraryTraitsSims.txt"
        },
        {
          "passage": "Characteristics",
          "findString": "\t\t\t\t<<if $worn.hands.type.includes(\"sticky_fingers\")>>",
          "replaceFile": "game/base-system/overlays/characteristicsSims_Books.txt"
        },
        {
          "passage": "Widgets",
          "findString": "\t\t\t<<if $tiredness gte C.tiredness.max>>\n\t\t\t\t<<set $stress += (($tiredness - C.tiredness.max) * 16)>><<set $trauma += (($tiredness - C.tiredness.max) / 3)>>\n\t\t\t<</if>>",
          "replaceFile": "game/base-system/overlays/characteristicsSims_Books_2.txt"
        },
        {
          "passage": "Widgets Attitudes",
          "findString": "\t\t\t<<if $attitudesControl.unlockHypnosis>>",
          "replaceFile": "game/base-system/overlays/attitudeSims.txt"
        },
        {
          "passage": "Widgets Actions Speak",
          "findString": "\t\t\t<<if $angel gte 6 and $angelforgive isnot 1>>",
          "replaceFile": "game/base-combat/praySims_0.txt"
        },
        {
          "passage": "Widgets Actions Left Hand",
          "findString": "\t\t\t<<set _leftaction[\"击打\"] to \"lefthit\">>",
          "replaceFile": "game/base-combat/slapSims_0.txt"
        },
        {
          "passage": "Widgets Actions Right Hand",
          "findString": "\t\t\t<<set _rightaction[\"击打\"] to \"righthit\">>",
          "replaceFile": "game/base-combat/slapSims_1.txt"
        },
        {
          "passage": "Widgets Effects Man",
          "findString": "\t\t<<if $mouthaction is \"forgive\">>",
          "replaceFile": "game/base-combat/praySims_1.txt"
        },
        {
          "passage": "Widgets Effects Man",
          "findString": "\t\t<<if $leftaction is \"lefthit\" and $rightaction is \"righthit\" and $lefttarget is $righttarget>>",
          "replaceFile": "game/base-combat/slapSims_2.txt"
        },
        {
          "passage": "Widgets Speech",
          "findString": "\t<<elseif $speechforgive is 1>>",
          "replaceFile": "game/base-combat/praySims_2.txt"
        },
        {
          "passage": "Widgets End Speech",
          "findString": "\t<<unset $speechforgive>>",
          "replace": "\t<<unset $speechpraySims>>\n\t<<unset $speechforgive>>"
        },
        {
          "passage": "Widgets Attitudes",
          "findString": "\t<<if $wolfgirl gte 2>>",
          "replaceFile": "game/base-combat/praySims_attitude.txt"
        },
        {
          "passage": "Widgets Tentacle Actions Generation",
          "findString": "<<set _mouthaction[\"舔它\"] to \"mouthlick\"+_tentacleMouthOption>>\n\t\t\t<</if>>",
          "replaceFile": "game/base-combat/praySims_3.txt"
        },
        {
          "passage": "Widgets Tentacle Actions Generation",
          "findString": "<<set _mouthaction[\"亲吻\"] to \"mouthkiss\"+_tentacleMouthOption>>\n\t\t\t<</if>>",
          "replaceFile": "game/base-combat/praySims_4.txt"
        },
        {
          "passage": "Characteristics",
          "findString": "\t\t\t\t<<if numberOfEarSlime() gte 2 and $earSlime.growth gt 50>>",
          "replaceFile": "game/base-system/overlays/characteristicsSims_Books_3.txt"
        },
        {
          "passage": "Traits",
          "findString": "\t\t\t\t\t\tlet dailyPurity = 1;",
          "replaceFile": "game/base-system/overlays/characteristicsSims_Books_4.txt",
          "all": true
        },
        {
          "_comment1": "图书馆战斗部分",
          "passage": "Widgets Combat",
          "findString": "\n\t\t\t<<if $player.virginity.temple is true and (_args[1] is \"vaginal\" or _args[1] is \"penile\") and $templePromised isnot $_taker>>\n\t\t\t\t<<set $virginityProtected to false>>\n\t\t\t\t<<set $player.virginity.temple to $_taker>>",
          "replaceFile": "game/base-combat/bookSims_1.txt"
        },
        {
          "passage": "Widgets Combat",
          "findString": "\n\t\t\t<<if $player.virginity.temple is true and (_args[1] is \"vaginal\" or _args[1] is \"penile\") and $templePromised isnot _args[0]>>\n\t\t\t\t<<set $virginityProtected to false>>\n\t\t\t\t<<set $player.virginity.temple to _args[0]>>",
          "replaceFile": "game/base-combat/bookSims_2.txt"
        },
        {
          "passage": "Widgets Combat",
          "findString": "\n\t<<if _args[1]>>",
          "replaceFile": "game/base-combat/bookSims_3.txt"
        },
        {
          "passage": "Transformation Widgets",
          "findString": "<<widget \"fallenTransform\">>\n\t<<if $angel gte 6>>",
          "replaceFile": "game/base-combat/bookSims_4.txt"
        },
        {
          "passage": "Transformation Widgets",
          "findString": "\t<<if $angel gt 0>>\n\t\t<<angelTransform 99>>\n\t<</if>>",
          "replaceFile": "game/base-combat/bookSims_5.txt"
        },
        {
          "passage": "Widgets",
          "findString": "<<widget \"virginitylosttext\">>\n\t<<if $templePromised is _args[0]>>",
          "replaceFile": "game/base-combat/bookSims_6.txt"
        },
        {
          "passage": "Widgets Combat Tentacle Adv",
          "findString": "<span class=\"red\">拿走你鸡鸡的第一次，永远夺走你的纯洁。</span>",
          "replaceFile": "game/base-combat/bookSims_7.txt"
        },
        {
          "passage": "Widgets Combat Tentacle Adv",
          "findString": "<span class=\"pink\">并插入你的<<pussy>>，</span><span class=\"red\">撕裂了你的处女膜，永远夺走了你的纯洁。你哀嚎着",
          "replaceFile": "game/base-combat/bookSims_8.txt"
        },
        {
          "passage": "Widgets Combat Tentacle Adv",
          "findString": "<span class=\"pink\">并插入你的<<pussy>>，</span><span class=\"red\">撕裂了你的处女膜，永远夺走了你的纯洁。</span>",
          "replaceFile": "game/base-combat/bookSims_9.txt"
        },
        {
          "passage": "Estate Cards Sex",
          "findString": "永远剥夺了你的纯洁。</span>",
          "replaceFile": "game/base-combat/bookSims_10.txt"
        },
        {
          "passage": "Estate Cards Sex",
          "findString": "但你感觉你的贞操和纯洁正在被夺走。</span>",
          "replaceFile": "game/base-combat/bookSims_11.txt"
        },
        {
          "_comment1": "添加新NPC-希斯",
          "passage": "npcNamed",
          "findString": "\t<<for _i to 0; _i lt $NPCName.length; _i++>>",
          "replaceFile": "game/npc/Seath_0.txt"
        },
        {
          "passage": "npcNamed",
          "findString": "\t\t\t\"zephyr\": {nam : \"Zephyr\", title: \"captain\", insecurity: \"skill\", adult: 1}",
          "replaceFile": "game/npc/Seath_1.txt"
        },
        {
          "passage": "npcNamed",
          "findString": "\t\t\t<<case \"Zephyr\">>",
          "replaceFile": "game/npc/Seath_2.txt"
        },
        {
          "passage": "npcNamed",
          "findString": "\t\t<<case \"Gwylan\" \"Zephyr\">>",
          "replaceFile": "game/npc/Seath_3.txt"
        },
        {
          "passage": "Widgets variablesStatic",
          "findString": "\t<<run initCNPC()>>",
          "replaceFile": "game/npc/Seath_4.txt"
        },
        {
          "passage": "Widgets variablesVersionUpdate",
          "findString": "\t\t<<for _npc range [\"avery\", \"bailey\", \"charlie\", \"darryl\", \"doren\", \"eden\", \"gwylan\", \"harper\", \"jordan\", \"kylar\", \"landry\", \"leighton\", \"mason\", \"morgan\", \"river\", \"robin\", \"sam\", \"sirris\", \"whitney\", \"winter\", \"zephyr\"]>>",
          "replaceFile": "game/npc/Seath_5.txt"
        },
        {
          "passage": "Social",
          "findString": "/* this list is sorted */",
          "replaceFile": "game/npc/Seath_6.txt"
        },
        {
          "passage": "Social",
          "findString": "\t\t\t\t\t\"Zephyr\" : {",
          "replaceFile": "game/npc/Seath_7.txt"
        },
        {
          "passage": "Widgets",
          "findString": "\t<<set _i to $NPCNameList.indexOf(\"Zephyr\")>>",
          "replaceFile": "game/npc/Seath_8.txt"
        },
        {
          "passage": "Widgets Named Npcs",
          "findString": "\t\t<<case Alex>>\n\t\t\t艾利克斯",
          "replaceFile": "game/npc/Seath_9.txt"
        },
        {
          "passage": "Widgets",
          "findString": ".replace(\"captain\",\"船长\")",
          "replaceFile": "game/npc/Seath_11.txt",
          "all": true
        },
        {
          "passage": "Widgets",
          "findString": "\t\t\tlet statDefaults = {",
          "replaceFile": "game/npc/Seath_12.txt"
        },
        {
          "passage": "Widgets Settings",
          "findString": ".replace(\"Zephyr\",\"泽菲尔\")",
          "replaceFile": "game/npc/Seath_13.txt",
          "all": true
        },
        {
          "passage": "Widgets Settings",
          "findString": ".replace(\"captain\",\"船长\")",
          "replaceFile": "game/npc/Seath_14.txt",
          "all": true
        },
        {
          "passage": "Statistics",
          "findString": ".replace(\"Zephyr\",\"泽菲尔\")",
          "replaceFile": "game/npc/Seath_16.txt",
          "all": true
        },
        {
          "_comment1": "以下是自行车",
          "passage": "Domus Street",
          "findString": "<<if $exposed lte 0>>\n\t\t\t\t\t<<buswait>>",
          "replace": "<<BicycleSims>>\n\t\t\t\t<<if $exposed lte 0>>\n\t\t\t\t\t<<buswait>>"
        },
        {
          "passage": "Barb Street",
          "findString": "<<if $exposed lte 0>>\n\t\t\t\t<<buswait>>",
          "replace": "<<BicycleSims>>\n\t\t\t<<if $exposed lte 0>>\n\t\t\t\t<<buswait>>"
        },
        {
          "passage": "Cliff Street",
          "findString": "<<if $exposed lte 0>>\n\t\t\t\t<<buswait>>",
          "replace": "<<BicycleSims>>\n\t\t\t<<if $exposed lte 0>>\n\t\t\t\t<<buswait>>"
        },
        {
          "passage": "Connudatus Street",
          "findString": "<<if $exposed lte 0>>\n\t\t\t\t<<buswait>>",
          "replace": "<<BicycleSims>>\n\t\t\t<<if $exposed lte 0>>\n\t\t\t\t<<buswait>>"
        },
        {
          "passage": "Danube Street",
          "findString": "<<if $exposed lte 0>>\n\t\t\t\t<<buswait>>",
          "replace": "<<BicycleSims>>\n\t\t\t<<if $exposed lte 0>>\n\t\t\t\t<<buswait>>"
        },
        {
          "passage": "Elk Street",
          "findString": "<<if $exposed lte 0>>\n\t\t\t\t<<buswait>>",
          "replace": "<<BicycleSims>>\n\t\t\t<<if $exposed lte 0>>\n\t\t\t\t<<buswait>>"
        },
        {
          "passage": "Harvest Street",
          "findString": "<<if $exposed lte 0>>\n\t\t\t\t<<buswait>>",
          "replace": "<<BicycleSims>>\n\t\t\t<<if $exposed lte 0>>\n\t\t\t\t<<buswait>>"
        },
        {
          "passage": "High Street",
          "findString": "<<if $exposed lte 0>>\n\t\t\t\t<<buswait>>",
          "replace": "<<BicycleSims>>\n\t\t\t<<if $exposed lte 0>>\n\t\t\t\t<<buswait>>"
        },
        {
          "passage": "Mer Street",
          "findString": "<<if $exposed lte 0>>\n\t\t\t\t<<buswait>>",
          "replace": "<<BicycleSims>>\n\t\t\t<<if $exposed lte 0>>\n\t\t\t\t<<buswait>>"
        },
        {
          "passage": "Nightingale Street",
          "findString": "<<if $exposed lte 0>>\n\t\t\t\t<<buswait>>",
          "replace": "<<BicycleSims>>\n\t\t\t<<if $exposed lte 0>>\n\t\t\t\t<<buswait>>"
        },
        {
          "passage": "Oxford Street",
          "findString": "<<if $exposed lte 0>>\n\t\t\t\t<<buswait>>",
          "replace": "<<BicycleSims>>\n\t\t\t<<if $exposed lte 0>>\n\t\t\t\t<<buswait>>"
        },
        {
          "passage": "Starfish Street",
          "findString": "<<if $exposed lte 0>>\n\t\t\t\t<<buswait>>",
          "replace": "<<BicycleSims>>\n\t\t\t<<if $exposed lte 0>>\n\t\t\t\t<<buswait>>"
        },
        {
          "passage": "Wolf Street",
          "findString": "<<if $exposed lte 0>>\n\t\t\t\t<<buswait>>",
          "replace": "<<BicycleSims>>\n\t\t\t<<if $exposed lte 0>>\n\t\t\t\t<<buswait>>"
        },
        {
          "_comment1": "自行车前往农场",
          "passage": "Farm Road 1",
          "findString": "<<entertownicon>><<link [[进入镇子 (0:05)|Harvest Street]]>><<pass 5>><</link>>",
          "replaceFile": "game/overworld-town/loc-farmers-centre/Centre To Farm Bike Sims.txt"
        },
        {
          "_comment1": "自行车前往小镇0",
          "passage": "Farm Work",
          "findString": "\t\t<<farmicon>><<link [[离开|Farmland]]>><</link>>\n\t\t<br>",
          "replaceFile": "game/overworld-town/loc-farmers-centre/Farm To Centre Bike Sims 0.txt"
        },
        {
          "_comment1": "自行车前往小镇1",
          "passage": "Farmland",
          "findString": "\t<<farmicon \"meadow\">><<link [[草地 (0:10)|Meadow]]>><<pass 10>><</link>>\n\t<br><br>",
          "replaceFile": "game/overworld-town/loc-farmers-centre/Farm To Centre Bike Sims 1.txt"
        },
        {
          "_comment1": "伊甸农场救援事件恢复——其实就是把被注释掉的代码恢复了，不需要写新代码真是轻松",
          "passage": "Livestock Field",
          "findString": "<br> -->\n\t<<elseif !$daily.earSlimeGrassEating",
          "replaceFile": "game/overworld-plains/loc-livestock/Eden Fence Rescue Origin.txt"
        },
        {
          "_comment1": "凯妹别狙了，休息一下好不好",
          "passage": "Widgets Street",
          "findString": "<<if _kylarStatus.includes(\"Love\") and $kylar_mad is 1 and $syndromekylar isnot 1>>",
          "replaceFile": "game/overworld-town/loc-street/Kylar Abduction Intro Sims.txt"
        },
        {
          "passage": "Widgets Street",
          "findString": "<<elseif $dangerevent gte 81>>",
          "replaceFile": "game/overworld-town/loc-street/Kylar Abduction Intro Sims 2.txt"
        },
        {
          "_comment1": "咖啡厅的工作能够增加家务",
          "passage": "Ocean Breeze",
          "findString": "Chef Work]]>><</link>>",
          "replace": "Chef Work]]>><<housekeeping 2 1000>><</link>><<ghousekeeping>>"
        },
        {
          "passage": "Ocean Breeze",
          "findString": "\t\t\t<<set $tablesservedstat += random(10,30)>>\n\t\t\t<<timeTrackingStart \"cafe\">><<timeTrackingStart \"cafeWaiter\">>\n\t\t<</link>>",
          "replace": "\t\t\t<<set $tablesservedstat += random(10,30)>><<housekeeping 1 1000>>\n\t\t\t<<timeTrackingStart \"cafe\">><<timeTrackingStart \"cafeWaiter\">>\n\t\t<</link>><<ghousekeeping>>"
        },
        {
          "_comment1": "鹰塔家务",
          "passage": "Bird Tower",
          "findString": "<<housekeeping 2 200>><<bird_pass 30>><</link>><<gtiredness>><<ghousekeeping 200 \"silent\">>",
          "replace": "<<housekeeping 1 1000>><<bird_pass 30>><</link>><<gtiredness>><<ghousekeeping>>"
        },
        {
          "_comment1": "鹰塔家务2",
          "passage": "Bird Tower",
          "findString": "<<housekeeping 2 100>><<bird_pass 60>><</link>><<ggtiredness>><<ghousekeeping 100 \"silent\">>",
          "replace": "<<housekeeping 1 1000>><<bird_pass 60>><</link>><<ggtiredness>><<ghousekeeping>>"
        },
        {
          "_comment1": "四个学科特质，科学冠军等",
          "passage": "Traits",
          "findString": "has: $scienceprojectwon is 1,",
          "replaceFile": "game/overworld-town/loc-school/event_school/special traits Sims/special traits Sims.txt"
        },
        {
          "passage": "Traits",
          "findString": "has: $mathsprojectwon is 1,",
          "replaceFile": "game/overworld-town/loc-school/event_school/special traits Sims/special traits Sims 2.txt"
        },
        {
          "passage": "Traits",
          "findString": "has: $englishPlayWell is 1,",
          "replaceFile": "game/overworld-town/loc-school/event_school/special traits Sims/special traits Sims 3.txt"
        },
        {
          "_comment1": "催眠1 铺地基",
          "passage": "Widgets Mirror",
          "findString": "\t<br><br>\n\t<<if !$simpleMirror>>",
          "replaceFile": "game/overworld-town/loc-library/HypnoSims0.txt"
        },
        {
          "_comment1": "催眠2 铺地板",
          "passage": "Widgets Mirror",
          "findString": "\t\t<<case \"transformation\">>\n\t\t\t<<mirrorTransformation>>",
          "replace": "\t\t<<case \"transformation\">>\n\t\t\t<<mirrorTransformation>>\n\t\t<<case \"hypnoSims\">>\n\t\t\t<<mirrorHypnoSims>>"
        },
        {
          "_comment1": "催眠3 制裁凯拉尔",
          "passage": "Kylar Abduction Event End",
          "findString": "<<willpowerdifficulty 1 2000>>",
          "replace": "<<if $MirrorHypnoSims_0>><<willpowerdifficulty 1 1000>><<else>><<willpowerdifficulty 1 2000>><</if>>"
        },
        {
          "_comment1": "催眠4 战斗爽(PS: 最近越来越懒了，不想建立新文件（如果后续需要维护的话，我估计会被未来的自己骂",
          "passage": "Widgets",
          "findString": "<<set _defiance to (_args[0] * (1 + ($sadism / 1000)))>>",
          "replace": "<<if $MirrorHypnoSims_2>>\n\t\t\t<<set _args[0] += 1>>\n\t\t<</if>>\n\t\t<<set _defiance to (_args[0] * (1 + ($sadism / 1000)))>>"
        },
        {
          "_comment1": "催眠4.5 防止体能设置 应该不会有其他人动这里的设置？姑且设置得暴力一点，过几个版本再恢复",
          "passage": "Widgets variablesVersionUpdate",
          "findString": "\t<<if !$bodysize>>",
          "replace": "\t<<if !$bodysize and !$MirrorHypnoSims_1>>"
        },
        {
          "_comment1": "催眠5 固定转化-狼",
          "passage": "Transformation Widgets",
          "findString": "\t\t<<transform wolf -1>>",
          "replace": "\t\t<<transform wolf -1>>\n\t\t<<if $MirrorHypnoSims_3>>\n\t\t\t<<set $wolfbuild += 1>>\n\t\t<</if>>"
        },
        {
          "_comment1": "催眠5 固定转化-猫",
          "passage": "Transformation Widgets",
          "findString": "\t\t<<transform cat -1>>",
          "replace": "\t\t<<transform cat -1>>\n\t\t<<if $MirrorHypnoSims_3>>\n\t\t\t<<set $catbuild += 1>>\n\t\t<</if>>"
        },
        {
          "_comment1": "催眠5 固定转化-牛",
          "passage": "Transformation Widgets",
          "findString": "\t\t<<transform cow -1>>",
          "replace": "\t\t<<transform cow -1>>\n\t\t<<if $MirrorHypnoSims_3>>\n\t\t\t<<set $cowbuild += 1>>\n\t\t<</if>>"
        },
        {
          "_comment1": "催眠5 固定转化-鸟",
          "passage": "Transformation Widgets",
          "findString": "\t\t<<transform bird -1>>",
          "replace": "\t\t<<transform bird -1>>\n\t\t<<if $MirrorHypnoSims_3>>\n\t\t\t<<set $birdbuild += 1>>\n\t\t<</if>>"
        },
        {
          "_comment1": "催眠5 固定转化-狐(代码逻辑简单暴力又怎么了, 能实现功能不报错就是好代码, 我不准你们诋毁我心爱的ifelse",
          "passage": "Transformation Widgets",
          "findString": "\t\t<<transform fox -1>>",
          "replace": "\t\t<<transform fox -1>>\n\t\t<<if $MirrorHypnoSims_3>>\n\t\t\t<<set $foxbuild += 1>>\n\t\t<</if>>"
        },
        {
          "_comment1": "催眠6 神殿事件",
          "passage": "Temple",
          "findString": "<<else>>\n\t<<if $arousal gte $arousalmax>>",
          "replaceFile": "game/overworld-town/loc-temple/Temple Hypno Sims.txt"
        },
        {
          "_comment1": "约旦希斯清理腐化",
          "passage": "Temple Jordan",
          "findString": "\t<<lockicon>><<link [[询问贞操锁|Temple Chastity]]>><</link>>\n\t<br>",
          "replaceFile": "game/overworld-town/loc-temple/Temple Jordan-Seath.txt"
        },
        {
          "_comment1": "约旦希斯清理腐化2",
          "passage": "Temple Jordan",
          "findString": "<<if $spear_vessel is \"held\">>",
          "replaceFile": "game/overworld-town/loc-temple/Temple Jordan-Seath 2.txt"
        },
        {
          "_comment1": "放布莱尔鸽子事件1 事实上这一条没什么必要 不求保险的话可以优化掉",
          "passage": "Briar's Office Show 2",
          "findString": "<<link [[离开|Brothel]]>><<endevent>><</link>>",
          "replace": "<<set $alarmTextSims2_1 to 1>>\n<<link [[离开|Brothel]]>><<endevent>><</link>>"
        },
        {
          "_comment1": "放布莱尔鸽子事件2",
          "passage": "Brothel",
          "findString": "\t<<set $brothelshowdata.missed to false>><<npcincr Briar love -1>>",
          "replace": "\t<<set $brothelshowdata.missed to false>><<npcincr Briar love -1>><<set V.alarmTextSims2_1 = 1>>"
        },
        {
          "_comment1": "放艾弗里鸽子事件1",
          "passage": "Widgets Avery",
          "findString": "\t\t<<if C.npc.Avery.rage gte random(20, 100)>><<set $averyragerevealed to 1>>",
          "replace": "\t\t<<if C.npc.Avery.rage gte random(20, 100)>><<set $averyragerevealed to 1>>\n\t<<set $alarmTextSims3_1 to 1>>"
        },
        {
          "_comment1": "风纪委员",
          "passage": "Widgets School",
          "findString": "<<swimmingicon>>",
          "replaceFile": "game/overworld-town/loc-school/event_school/Judgement Sims.txt"
        },
        {
          "_comment1": "布告板",
          "passage": "Hallways",
          "findString": "\t\t设施",
          "replaceFile": "game/overworld-town/loc-school/event_school/Judgement Sims 2.txt"
        },
        {
          "_comment1": "上学前的检查",
          "passage": "School Front Courtyard",
          "findString": "\t\t<<entranceicon>>",
          "replaceFile": "game/overworld-town/loc-school/event_school/Judgement Examine Sims.txt"
        },
        {
          "_comment1": "科学课相关事件，这部分的文件名命名还挺具体的，或许没必要写注释了",
          "passage": "Widgets Events Science",
          "findString": "\t\t\"对不起，我被绊了一下。\"<<he>><<print either(\"坏笑着\",\"坏笑着\",\"坏笑着\",\"倒吸了一口冷气\",\"有些惊慌失措\")>>。",
          "replaceFile": "game/overworld-town/loc-school/event_science/Acid_Sims_1.txt"
        },
        {
          "_comment1": "罪恶感-殴打无辜之人L4",
          "passage": "Widgets Events Science",
          "findString": "\t\t<<link [[继续|Science Lesson]]>><<endevent>><</link>>\n\t\t<br>\n\t<</addinlineevent>>",
          "replaceFile": "game/overworld-town/loc-school/event_science/Acid_Sims_2.txt"
        },
        {
          "passage": "Widgets Events Science",
          "findString": "\t\t<<link [[向老师寻求帮助|Science Pick]]>><<status -10>><</link>><<lcool>>",
          "replaceFile": "game/overworld-town/loc-school/event_science/Harass Science Sims.txt"
        },
        {
          "passage": "Widgets Events Maths",
          "findString": "\t\t\t<<link [[告诉他们停下来|Maths Event1]]>><<detention 2>><</link>><<gdelinquency>>",
          "replaceFile": "game/overworld-town/loc-school/event_maths/Harass_Sims_1.txt"
        },
        {
          "passage": "Maths Event1",
          "findString": "\t瑞沃愤怒地瞪了你一眼，因为你扰乱了<<nnpc_his \"River\">>的课程。",
          "replaceFile": "game/overworld-town/loc-school/event_maths/Harass_Sims_2.txt"
        },
        {
          "passage": "Maths Whitney Read",
          "findString": "\t<<link [[把纸团扔回去|Maths Whitney Throw]]>><</link>>",
          "replaceFile": "game/overworld-town/loc-school/event_maths/Maths Whitney Read Sims.txt"
        },
        {
          "passage": "Maths Whitney Respond",
          "findString": "<<else>>",
          "replaceFile": "game/overworld-town/loc-school/event_maths/Maths Whitney Read Sims 2.txt"
        },
        {
          "passage": "Widgets Events Maths",
          "findString": "<<link [[挪开|Maths Event3]]>><<detention 2>><<set $phase to 1>><</link>><<gdelinquency>>",
          "replaceFile": "game/overworld-town/loc-school/event_maths/Maths Move Away Sims.txt"
        },
        {
          "passage": "Maths Event3",
          "findString": "<<elseif $phase is 1>>",
          "replaceFile": "game/overworld-town/loc-school/event_maths/Maths Move Away Sims 2.txt"
        },
        {
          "passage": "Widgets Events English",
          "findString": "<<link [[移开目光|English Lesson]]>><<endevent>><</link>>",
          "replaceFile": "game/overworld-town/loc-school/event_english/Peep English Sims.txt"
        },
        {
          "passage": "Widgets School Events",
          "findString": "<<link [[撬锁把人放出来 (0:10)|Hallways Locker Victim]]>><<pass 10>><<set $phase to 0>><</link>>",
          "replaceFile": "game/overworld-town/loc-school/event_school/Hallways_Locker_Victim_Sims.txt"
        },
        {
          "_comment1": "罪恶感的起点-中指L6",
          "passage": "Widgets School Events",
          "findString": "\t\t\t\t\t一些学生认出了你并朝你挥手，你也挥手回应。 <<lstress>><<stress -6>>\n\t\t\t\t<</if>>\n\t\t\t\t<br><br>",
          "replaceFile": "game/overworld-town/loc-school/event_school/Middle Finger Sims.txt"
        },
        {
          "passage": "Widgets School Events",
          "findString": "<<link [[掌掴|Hallways Slap]]>><<trauma -6>><<stress -12>><<detention 1>><</link>><<gdelinquency>><<ltrauma>><<lstress>>",
          "replaceFile": "game/overworld-town/loc-school/event_school/Hallways Slap Sims.txt"
        },
        {
          "_comment1": "免听事件链",
          "passage": "Head's Office",
          "findString": "\t\t\t<<if $schoolfameblackmail gte 1>>",
          "replaceFile": "game/overworld-town/loc-school/event_school/Head Office Sims.txt",
          "all": true
        },
        {
          "passage": "Cliff Street Prisoner Escape",
          "findString": "<<npcincr Leighton love 10>>",
          "replace": "<<npcincr Leighton love 10>>\n\t\t<<set $LeightonSavedSims to 1>>"
        },
        {
          "passage": "Cliff Street Prisoner Escape Blag",
          "findString": "<<npcincr Leighton love 10>>",
          "replace": "<<npcincr Leighton love 10>>\n\t\t<<set $LeightonSavedSims to 1>>"
        },
        {
          "passage": "Widgets Sydney",
          "findString": "<<set $daily.sydney.classWarn++>>",
          "replaceFile": "game/overworld-town/loc-school/event_school/special traits Sims/Widgets Sydney Sims.txt"
        },
        {
          "passage": "Widgets Sydney",
          "findString": "<<if $schoolShopAction>>",
          "replaceFile": "game/overworld-town/loc-school/event_school/special traits Sims/Widgets Sydney Sims 2.txt"
        },
        {
          "passage": "Bedroom",
          "findString": "/* Misc Furniture */",
          "replaceFile": "game/overworld-town/loc-home/event_home/Robin Refuse Sims.txt"
        },
        {
          "_comment1": "一般来说不应该直接更改原本的代码，但是没其他办法了",
          "passage": "Widgets Sleep",
          "findString": "$robin.timer.hurt is 0 /*and !$robin_kicked_out*/>>",
          "replaceFile": "game/overworld-town/loc-home/event_home/Robin Refuse Sims 2.txt"
        },
        {
          "passage": "Widgets Home Events",
          "findString": "\t\t\t<<npc Bailey>>贝利将你推到一边，手里拿着厨房的食材。\n\t\t\t<<pain 1>><<gpain>>\n\t\t\t<br><br>\n\n\t\t\t<<link [[继续|Orphanage]]>><<endevent>><</link>>\n\t\t\t<br>",
          "replaceFile": "game/overworld-town/loc-home/event_home/Bailey Shove 1.txt",
          "all": true
        },
        {
          "passage": "Sleep",
          "findString": "\t\t<<else>>\n\t\t\t<<getouticon>><<link [[起床|Bedroom]]>><</link>>",
          "replaceFile": "game/overworld-town/loc-home/event_home/Wraith Bailey 4000 Sims.txt"
        },
        {
          "passage": "Bailey's Office",
          "findString": "<<if $mason_pond is 1>>",
          "replaceFile": "game/overworld-town/loc-home/event_home/Bailey FreeListenSims.txt"
        },
        {
          "passage": "Widgets Rent",
          "findString": "<<rentmod>>",
          "replaceFile": "game/overworld-town/loc-home/event_home/Bailey FreeListenSims 2.txt"
        },
        {
          "_comment1": "免听日志&&风纪委员服装检查日志",
          "passage": "Widgets Journal",
          "findString": "<<if $psych is 1 or $schoolPsych is 1>>",
          "replaceFile": "game/base-system/overlays/Widgets_Journal_Sims.txt"
        },
        {
          "_comment1": "核心属性之一",
          "passage": "Characteristics",
          "findString": "\t\t\t<<characteristic-box _deviancyConfig>>",
          "replace": "\t\t\t<<characteristic-box _deviancyConfig>>\n\t\t\t/*<<characteristic-box _sinSimsConfig>>*/"
        },
        {
          "_comment1": "核心属性之二",
          "passage": "Characteristics",
          "findString": "\t\t\t\t<<if $moorLuck gt 0>>\n\t\t\t\t\t<<set _physiqueConfig.modifier to Math.floor(_physiqueConfig.modifier * (1 + ($moorLuck / 100)))>>",
          "replaceFile": "game/base-system/overlays/characteristicsSims_2.txt"
        },
        {
          "_comment1": "核心属性之三，选项的状态查看",
          "passage": "Statistics",
          "findString": "\t\t\t异种癖：<<print Math.trunc($deviancy)>>",
          "replaceFile": "game/base-system/overlays/characteristicsSims_init_2.txt"
        },
        {
          "_comment1": "仍在制作中的电脑",
          "passage": "Widgets Clothing Caption",
          "findString": "<<ampm>>",
          "replaceFile": "game/overworld-town/loc-library/Computer Sims/TimeSims.txt"
        },
        {
          "passage": "mobileStats",
          "findString": "\t<div class=\"stat time\">",
          "replace": "\t<div id= \"stat_time_Sims\" class=\"stat time\">"
        },
        {
          "passage": "PassageFooter",
          "findString": "<<elseif !_link and ",
          "replace": "<<elseif !_link and compuNoLink() and "
        },
        {
          "_comment1": "博物馆休息",
          "passage": "Museum",
          "findString": "\t<<crimeicon \"mark\">>",
          "replaceFile": "game/overworld-town/loc-museum/MuseumRestSims.txt"
        },
        {
          "_comment1": "自行车店",
          "passage": "Shopping Centre",
          "findString": "\t\t\t<<wardrobeicon>><<link [[家具店 (0:01)|Furniture Shop]]>><<pass 1>><</link>>",
          "replaceFile": "game/overworld-town/loc-market/MarketSims.txt"
        },
        {
          "_comment1": "防晒霜初始值",
          "passage": "Widgets variablesStatic",
          "findString": "\t<<set setup.estateBlackjack to {",
          "replaceFile": "game/overworld-town/loc-home/event_home/Sunscreen Cream Sims.txt"
        },
        {
          "_comment1": "防晒霜特质",
          "passage": "Traits",
          "findString": "\t\t\t\t{\n\t\t\t\t\tname: \"促孕药\",",
          "replaceFile": "game/overworld-town/loc-home/event_home/PillsSims.txt"
        }
      ]
    }
  ],
  "dependenceInfo": [
    {
      "modName": "ModLoader",
      "version": ">=2.5.2"
    },
    {
      "modName": "GameVersion",
      "version": ">=0.5.3.7"
    },
    {
      "modName": "ModLoader DoL ImageLoaderHook",
      "version": ">=2.3.0"
    },
    {
      "modName": "DoLTimeWrapperAddon",
      "version": ">=1.0.0"
    },
    {
      "modName": "TweeReplacer",
      "version": ">=1.0.0"
    },
    {
      "modName": "ReplacePatcher",
      "version": ">=1.0.0"
    }
  ]
}